time(ms),count,cpm,uSv/h,uSv/hError
0,1,0.000,0.000,0.000
55,0,0.000,0.000,0.000
9793,0,13.333,0.251,0.178
62675,0,2.903,0.055,0.032
94031,0,2.553,0.048,0.024
98071,0,3.061,0.058,0.026
100637,0,3.600,0.068,0.028
111677,0,3.784,0.071,0.027
132317,0,3.636,0.069,0.024
137085,0,3.942,0.074,0.025
214257,0,2.804,0.053,0.017
238275,0,2.773,0.052,0.016
250839,0,2.880,0.054,0.016
285194,0,2.737,0.052,0.014
394213,0,2.132,0.040,0.011
433417,0,2.079,0.039,0.010
458176,0,2.096,0.040,0.010
476341,0,2.143,0.040,0.010
603304,0,1.791,0.034,0.008
665562,0,1.714,0.032,0.007
707997,0,1.697,0.032,0.007
742341,0,1.698,0.032,0.007
774097,0,1.628,0.031,0.007
780710,0,1.692,0.032,0.007
822781,0,1.679,0.032,0.007
857997,0,1.680,0.032,0.006
872463,0,1.720,0.032,0.006
1070173,0,1.458,0.027,0.005
1128361,0,1.436,0.027,0.005
1175117,0,1.430,0.027,0.005
1207033,0,1.350,0.025,0.005
1257315,0,1.400,0.026,0.005
1276261,0,1.400,0.026,0.005
1289627,0,1.450,0.027,0.005
1301464,0,1.350,0.025,0.005
1339450,0,1.250,0.024,0.005
1379636,0,1.300,0.025,0.005
1383262,0,1.350,0.025,0.005
1397066,0,1.400,0.026,0.005
1420093,0,1.400,0.026,0.005
1424183,0,1.450,0.027,0.005
1428642,0,1.500,0.028,0.005
1430132,0,1.550,0.029,0.005
1584163,0,1.450,0.027,0.005
1617923,0,1.450,0.027,0.005
1632792,0,1.450,0.027,0.005
1672446,0,1.450,0.027,0.005
1691028,0,1.450,0.027,0.005
1734888,0,1.500,0.028,0.005
1788867,0,1.550,0.029,0.005
1798917,0,1.600,0.030,0.005
1814916,0,1.600,0.030,0.005
1846143,0,1.650,0.031,0.005
1879922,0,1.650,0.031,0.005
1925567,0,1.650,0.031,0.005
1941499,0,1.650,0.031,0.005
1955968,0,1.700,0.032,0.005
1963799,0,1.750,0.033,0.006
2002600,0,1.750,0.033,0.006
2044389,0,1.750,0.033,0.006
2050371,0,1.800,0.034,0.006
2050705,0,1.850,0.035,0.006
2061038,0,1.850,0.035,0.006
2064735,0,1.900,0.036,0.006
2080193,0,1.900,0.036,0.006
2106506,0,1.900,0.036,0.006
2130607,0,1.950,0.037,0.006
2185285,0,2.000,0.038,0.006
2204251,0,2.050,0.039,0.006
2224709,0,2.100,0.040,0.006
2249277,0,2.150,0.041,0.006
2378598,0,2.050,0.039,0.006
2393111,0,2.100,0.040,0.006
2394171,0,2.150,0.041,0.006
2459606,0,2.100,0.040,0.006
2461088,0,2.150,0.041,0.006
2466645,0,2.200,0.041,0.006
2477113,0,2.200,0.041,0.006
2511695,0,2.150,0.041,0.006
2545945,0,2.150,0.041,0.006
2557466,0,2.200,0.041,0.006
2574535,0,2.200,0.041,0.006
2589679,0,2.200,0.041,0.006
2647453,0,2.000,0.038,0.006
2670956,0,2.050,0.039,0.006
2672408,0,2.100,0.040,0.006
2702875,0,2.150,0.041,0.006
2740142,0,2.200,0.041,0.006
2777400,0,2.250,0.042,0.006
2803522,0,2.250,0.042,0.006
2878252,0,2.150,0.041,0.006
2919972,0,2.150,0.041,0.006
2958277,0,2.150,0.041,0.006
2998340,0,2.100,0.040,0.006
3010723,0,2.150,0.041,0.006
3043783,0,2.100,0.040,0.006
3068886,0,2.150,0.041,0.006
3087984,0,2.150,0.041,0.006
3090561,0,2.200,0.041,0.006
3170220,0,2.050,0.039,0.006
3197993,0,2.100,0.040,0.006
3231372,0,2.100,0.040,0.006
3315894,0,1.850,0.035,0.006
3337391,0,1.850,0.035,0.006
3376858,0,1.900,0.036,0.006
3435699,0,1.800,0.034,0.006
3451486,0,1.800,0.034,0.006
3469673,0,1.850,0.035,0.006
3470018,0,1.900,0.036,0.006
3560173,0,1.950,0.037,0.006
3567988,0,2.050,0.039,0.006
3609473,0,1.950,0.037,0.006
3610550,0,2.000,0.038,0.006
3627641,0,2.050,0.039,0.006
3632871,0,2.100,0.040,0.006
3665275,0,2.050,0.039,0.006
3674626,0,2.000,0.038,0.006
3772372,0,1.900,0.036,0.006
3805694,0,1.850,0.035,0.006
3808702,0,1.900,0.036,0.006
3842860,0,1.950,0.037,0.006
3855808,0,1.950,0.037,0.006
3876212,0,1.900,0.036,0.006
3879971,0,1.950,0.037,0.006
3888919,0,2.000,0.038,0.006
3914626,0,2.050,0.039,0.006
3929461,0,2.100,0.040,0.006
3934230,0,2.150,0.041,0.006
3951811,0,2.150,0.041,0.006
4056363,0,2.100,0.040,0.006
4058929,0,2.150,0.041,0.006
4078379,0,2.150,0.041,0.006
4108560,0,2.200,0.041,0.006
4129392,0,2.200,0.041,0.006
4179193,0,2.200,0.041,0.006
4188852,0,2.250,0.042,0.006
4221710,0,2.200,0.041,0.006
4228373,0,2.250,0.042,0.006
4249875,0,2.250,0.042,0.006
4260219,0,2.300,0.043,0.006
4263555,0,2.350,0.044,0.006
4282091,0,2.350,0.044,0.006
4297351,0,2.300,0.043,0.006
4327396,0,2.350,0.044,0.006
4356757,0,2.400,0.045,0.007
4367514,0,2.450,0.046,0.007
4395776,0,2.400,0.045,0.007
4507446,0,2.400,0.045,0.007
4534301,0,2.400,0.045,0.007
4561569,0,2.400,0.045,0.007
4575029,0,2.400,0.045,0.007
4611336,0,2.450,0.046,0.007
4647965,0,2.450,0.046,0.007
4723034,0,2.350,0.044,0.006
4731255,0,2.400,0.045,0.007
4739341,0,2.450,0.046,0.007
4763888,0,2.450,0.046,0.007
4771342,0,2.400,0.045,0.007
4778040,0,2.450,0.046,0.007
4778762,0,2.500,0.047,0.007
4786949,0,2.550,0.048,0.007
4800415,0,2.600,0.049,0.007
4837285,0,2.450,0.046,0.007
4847677,0,2.500,0.047,0.007
4932084,0,2.450,0.046,0.007
4984486,0,2.450,0.046,0.007
5003873,0,2.500,0.047,0.007
5008330,0,2.450,0.046,0.007
5091359,0,2.250,0.042,0.006
5149640,0,2.050,0.039,0.006
5154058,0,2.100,0.040,0.006
5171312,0,2.150,0.041,0.006
5191438,0,2.200,0.041,0.006
5245541,0,2.250,0.042,0.006
5253003,0,2.250,0.042,0.006
5267200,0,2.250,0.042,0.006
5272433,0,2.300,0.043,0.006
5381657,0,2.150,0.041,0.006
5387203,0,2.200,0.041,0.006
5424748,0,2.100,0.040,0.006
5442262,0,2.150,0.041,0.006
5462738,0,2.050,0.039,0.006
5477738,0,2.100,0.040,0.006
5492317,0,2.100,0.040,0.006
5579863,0,1.950,0.037,0.006
5587265,0,2.000,0.038,0.006
5598096,0,2.000,0.038,0.006
5609733,0,2.100,0.040,0.006
5645303,0,2.150,0.041,0.006
5659477,0,2.200,0.041,0.006
5695360,0,2.250,0.042,0.006
5708828,0,2.250,0.042,0.006
5711077,0,2.300,0.043,0.006
5714063,0,2.350,0.044,0.006
5735376,0,2.300,0.043,0.006
5739489,0,2.350,0.044,0.006
5800808,0,2.300,0.043,0.006
5854087,0,2.250,0.042,0.006
5864951,0,2.300,0.043,0.006
5873525,0,2.350,0.044,0.006
5899054,0,2.400,0.045,0.007
5967907,0,2.250,0.042,0.006
6017767,0,2.050,0.039,0.006
6031584,0,2.100,0.040,0.006
6038687,0,2.100,0.040,0.006
6048352,0,2.100,0.040,0.006
6050198,0,2.150,0.041,0.006
6090397,0,2.200,0.041,0.006
6100468,0,2.250,0.042,0.006
6109140,0,2.300,0.043,0.006
6111655,0,2.350,0.044,0.006
6136584,0,2.350,0.044,0.006
6158788,0,2.400,0.045,0.007
6160632,0,2.450,0.046,0.007
6199906,0,2.400,0.045,0.007
6244829,0,2.400,0.045,0.007
6245571,0,2.450,0.046,0.007
6250674,0,2.500,0.047,0.007
6277100,0,2.550,0.048,0.007
6297829,0,2.550,0.048,0.007
6331754,0,2.600,0.049,0.007
6345903,0,2.650,0.050,0.007
6365985,0,2.600,0.049,0.007
6377896,0,2.600,0.049,0.007
6403267,0,2.600,0.049,0.007
6427395,0,2.650,0.050,0.007
6461249,0,2.600,0.049,0.007
6461981,0,2.650,0.050,0.007
6464914,0,2.650,0.050,0.007
6482424,0,2.650,0.050,0.007
6487533,0,2.700,0.051,0.007
6509920,0,2.750,0.052,0.007
6524560,0,2.800,0.053,0.007
6527568,0,2.850,0.054,0.007
6529081,0,2.900,0.055,0.007
6531220,0,2.950,0.056,0.007
6535975,0,3.000,0.057,0.007
6544481,0,3.050,0.058,0.007
6551859,0,3.100,0.058,0.007
6579000,0,3.100,0.058,0.007
6579361,0,3.150,0.059,0.007
6596855,0,3.150,0.059,0.007
6615109,0,3.200,0.060,0.008
6711747,0,3.000,0.057,0.007
6722223,0,3.050,0.058,0.007
6732596,0,3.100,0.058,0.007
6740793,0,3.150,0.059,0.007
6744510,0,3.200,0.060,0.008
6822588,0,3.000,0.057,0.007
6839728,0,3.050,0.058,0.007
6884352,0,3.000,0.057,0.007
6906952,0,2.900,0.055,0.007
6918354,0,2.900,0.055,0.007
6943938,0,2.900,0.055,0.007
6961068,0,2.950,0.056,0.007
6987893,0,3.000,0.057,0.007
6989388,0,3.050,0.058,0.007
7059945,0,3.000,0.057,0.007
7077097,0,2.950,0.056,0.007
7150864,0,2.950,0.056,0.007
7170400,0,2.950,0.056,0.007
7173715,0,3.000,0.057,0.007
7178892,0,3.050,0.058,0.007
7228414,0,3.050,0.058,0.007
7229141,0,3.100,0.058,0.007
7272518,0,2.950,0.056,0.007
7274348,0,3.000,0.057,0.007
7279179,0,3.050,0.058,0.007
7286631,0,3.100,0.058,0.007
7289576,0,3.150,0.059,0.007
7291380,0,3.150,0.059,0.007
7293232,0,3.200,0.060,0.008
7302557,0,3.200,0.060,0.008
7307017,0,3.250,0.061,0.008
7325284,0,3.200,0.060,0.008
7420130,0,3.050,0.058,0.007
7440273,0,3.100,0.058,0.007
7442848,0,3.050,0.058,0.007
7467433,0,3.050,0.058,0.007
7473415,0,3.100,0.058,0.007
7494010,0,3.100,0.058,0.007
7536667,0,3.050,0.058,0.007
7555804,0,3.050,0.058,0.007
7567832,0,3.050,0.058,0.007
7568556,0,3.100,0.058,0.007
7571891,0,3.150,0.059,0.007
7578296,0,3.150,0.059,0.007
7581246,0,3.200,0.060,0.008
7610860,0,3.200,0.060,0.008
7676558,0,3.050,0.058,0.007
7688805,0,3.000,0.057,0.007
7731569,0,2.800,0.053,0.007
7744959,0,2.750,0.052,0.007
7756886,0,2.750,0.052,0.007
7769581,0,2.800,0.053,0.007
7800956,0,2.700,0.051,0.007
7815875,0,2.700,0.051,0.007
7876878,0,2.700,0.051,0.007
7938353,0,2.600,0.049,0.007
7941333,0,2.600,0.049,0.007
7956311,0,2.600,0.049,0.007
8016302,0,2.650,0.050,0.007
8016651,0,2.700,0.051,0.007
8048984,0,2.650,0.050,0.007
8074409,0,2.700,0.051,0.007
8083343,0,2.700,0.051,0.007
8099405,0,2.750,0.052,0.007
8110239,0,2.750,0.052,0.007
8134996,0,2.750,0.052,0.007
8172371,0,2.700,0.051,0.007
8183278,0,2.750,0.052,0.007
8230854,0,2.700,0.051,0.007
8267311,0,2.700,0.051,0.007
8287723,0,2.700,0.051,0.007
8293702,0,2.750,0.052,0.007
8448449,0,2.500,0.047,0.007
8492857,0,2.200,0.041,0.006
8492857,0,2.200,0.041,0.006
8516725,0,2.150,0.041,0.006
8549839,0,2.150,0.041,0.006
8552034,0,2.200,0.041,0.006
8595170,0,2.250,0.042,0.006
8616782,0,2.250,0.042,0.006
8620823,0,2.300,0.043,0.006
8623431,0,2.350,0.044,0.006
8635396,0,2.350,0.044,0.006
8663707,0,2.350,0.044,0.006
8689910,0,2.250,0.042,0.006
8748455,0,2.250,0.042,0.006
8793310,0,2.000,0.038,0.006
8806390,0,2.050,0.039,0.006
8809381,0,2.050,0.039,0.006
8810098,0,2.100,0.040,0.006
8830732,0,2.150,0.041,0.006
8834071,0,2.200,0.041,0.006
8846713,0,2.250,0.042,0.006
8896376,0,2.200,0.041,0.006
8970868,0,2.050,0.039,0.006
8999254,0,2.100,0.040,0.006
9018695,0,2.050,0.039,0.006
9022372,0,2.100,0.040,0.006
9044706,0,2.150,0.041,0.006
9055209,0,2.200,0.041,0.006
9059678,0,2.250,0.042,0.006
9067497,0,2.300,0.043,0.006
9090767,0,2.350,0.044,0.006
9093746,0,2.400,0.045,0.007
9097831,0,2.450,0.046,0.007
9098910,0,2.500,0.047,0.007
9144317,0,2.450,0.046,0.007
9169881,0,2.450,0.046,0.007
9170610,0,2.500,0.047,0.007
9176988,0,2.550,0.048,0.007
9177709,0,2.600,0.049,0.007
9254705,0,2.500,0.047,0.007
9306741,0,2.350,0.044,0.006
9312709,0,2.400,0.045,0.007
9318621,0,2.450,0.046,0.007
9321209,0,2.500,0.047,0.007
9327472,0,2.550,0.048,0.007
9349729,0,2.550,0.048,0.007
9426860,0,2.450,0.046,0.007
9435809,0,2.500,0.047,0.007
9449203,0,2.550,0.048,0.007
9460002,0,2.600,0.049,0.007
9470423,0,2.600,0.049,0.007
9477119,0,2.650,0.050,0.007
9485656,0,2.700,0.051,0.007
9526306,0,2.650,0.050,0.007
9604107,0,2.700,0.051,0.007
9639786,0,2.750,0.052,0.007
9640876,0,2.800,0.053,0.007
9662809,0,2.800,0.053,0.007
9668042,0,2.850,0.054,0.007
9674013,0,2.900,0.055,0.007
9693136,0,2.900,0.055,0.007
9701005,0,2.950,0.056,0.007
9712531,0,3.000,0.057,0.007
9808300,0,2.850,0.054,0.007
9820575,0,2.800,0.053,0.007
9865460,0,2.700,0.051,0.007
9867718,0,2.750,0.052,0.007
9871077,0,2.800,0.053,0.007
9889840,0,2.800,0.053,0.007
9907763,0,2.850,0.054,0.007
9916416,0,2.900,0.055,0.007
9926967,0,2.950,0.056,0.007
9932573,0,3.000,0.057,0.007
9959330,0,3.000,0.057,0.007
10026476,0,2.800,0.053,0.007
10065692,0,2.750,0.052,0.007
10144848,0,2.750,0.052,0.007
10146699,0,2.800,0.053,0.007
10150793,0,2.850,0.054,0.007
10159021,0,2.900,0.055,0.007
10175530,0,2.900,0.055,0.007
10217798,0,2.900,0.055,0.007
10254701,0,2.700,0.051,0.007
10293016,0,2.600,0.049,0.007
10329205,0,2.550,0.048,0.007
10347500,0,2.550,0.048,0.007
10350104,0,2.600,0.049,0.007
10382230,0,2.450,0.046,0.007
10383303,0,2.500,0.047,0.007
10394477,0,2.550,0.048,0.007
10465448,0,2.550,0.048,0.007
10482964,0,2.600,0.049,0.007
10506147,0,2.650,0.050,0.007
10523367,0,2.500,0.047,0.007
10541684,0,2.500,0.047,0.007
10623130,0,2.500,0.047,0.007
10668921,0,2.300,0.043,0.006
10691078,0,2.250,0.042,0.006
10728600,0,2.250,0.042,0.006
10742132,0,2.300,0.043,0.006
10782328,0,2.350,0.044,0.006
10786790,0,2.350,0.044,0.006
10822554,0,2.350,0.044,0.006
10832963,0,2.400,0.045,0.007
10929723,0,2.050,0.039,0.006
10931954,0,2.100,0.040,0.006
10969398,0,2.150,0.041,0.006
10995956,0,2.200,0.041,0.006
11033079,0,2.150,0.041,0.006
11033804,0,2.200,0.041,0.006
11054364,0,2.250,0.042,0.006
11070460,0,2.150,0.041,0.006
11089952,0,2.150,0.041,0.006
11160862,0,1.950,0.037,0.006
11180662,0,2.000,0.038,0.006
11204639,0,2.050,0.039,0.006
11218831,0,2.100,0.040,0.006
11270089,0,2.050,0.039,0.006
11318374,0,2.100,0.040,0.006
11324037,0,2.150,0.041,0.006
11404232,0,1.950,0.037,0.006
11408259,0,2.000,0.038,0.006
11438714,0,2.000,0.038,0.006
11443184,0,2.050,0.039,0.006
11448470,0,2.100,0.040,0.006
11452940,0,2.150,0.041,0.006
11464968,0,2.150,0.041,0.006
11480667,0,2.200,0.041,0.006
11519591,0,2.200,0.041,0.006
11520308,0,2.250,0.042,0.006
11554654,0,2.150,0.041,0.006
11567735,0,2.200,0.041,0.006
11573348,0,2.250,0.042,0.006
11580130,0,2.300,0.043,0.006
11676986,0,2.150,0.041,0.006
11681123,0,2.200,0.041,0.006
11687835,0,2.200,0.041,0.006
11712198,0,2.200,0.041,0.006
11769187,0,2.150,0.041,0.006
11772566,0,2.200,0.041,0.006
11839255,0,2.200,0.041,0.006
11843742,0,2.250,0.042,0.006
11878137,0,2.250,0.042,0.006
11896351,0,2.250,0.042,0.006
11967557,0,2.200,0.041,0.006
11990511,0,2.200,0.041,0.006
11992755,0,2.250,0.042,0.006
12056191,0,2.200,0.041,0.006
12091031,0,2.250,0.042,0.006
12109920,0,2.300,0.043,0.006
12118552,0,2.350,0.044,0.006
12123345,0,2.400,0.045,0.007
12164037,0,2.350,0.044,0.006
12173422,0,2.350,0.044,0.006
12182693,0,2.400,0.045,0.007
12193066,0,2.400,0.045,0.007
12193793,0,2.450,0.046,0.007
12197532,0,2.500,0.047,0.007
12199030,0,2.550,0.048,0.007
12211587,0,2.600,0.049,0.007
12247172,0,2.550,0.048,0.007
12279336,0,2.500,0.047,0.007
12280427,0,2.550,0.048,0.007
12300531,0,2.550,0.048,0.007
12309371,0,2.600,0.049,0.007
12358594,0,2.650,0.050,0.007
12375248,0,2.650,0.050,0.007
12394209,0,2.650,0.050,0.007
12470092,0,2.550,0.048,0.007
12484950,0,2.600,0.049,0.007
12491990,0,2.650,0.050,0.007
12503515,0,2.700,0.051,0.007
12516063,0,2.750,0.052,0.007
12527999,0,2.700,0.051,0.007
12536900,0,2.750,0.052,0.007
12578666,0,2.800,0.053,0.007
12609169,0,2.750,0.052,0.007
12666584,0,2.550,0.048,0.007
12666932,0,2.600,0.049,0.007
12716814,0,2.500,0.047,0.007
12811487,0,2.350,0.044,0.006
12815591,0,2.350,0.044,0.006
12827131,0,2.400,0.045,0.007
12830090,0,2.450,0.046,0.007
12847265,0,2.500,0.047,0.007
12928210,0,2.350,0.044,0.006
12968778,0,2.350,0.044,0.006
12969874,0,2.350,0.044,0.006
12998742,0,2.350,0.044,0.006
13008461,0,2.400,0.045,0.007
13024181,0,2.450,0.046,0.007
13053432,0,2.400,0.045,0.007
13107706,0,2.350,0.044,0.006
13112543,0,2.400,0.045,0.007
13127044,0,2.450,0.046,0.007
13164319,0,2.500,0.047,0.007
13193908,0,2.400,0.045,0.007
13220053,0,2.450,0.046,0.007
13222290,0,2.500,0.047,0.007
13226764,0,2.550,0.048,0.007
13232372,0,2.600,0.049,0.007
13284884,0,2.600,0.049,0.007
13292318,0,2.600,0.049,0.007
13293808,0,2.650,0.050,0.007
13358831,0,2.550,0.048,0.007
13373289,0,2.500,0.047,0.007
13396361,0,2.350,0.044,0.006
13430360,0,2.300,0.043,0.006
13451169,0,2.300,0.043,0.006
13460797,0,2.350,0.044,0.006
13474549,0,2.400,0.045,0.007
13523067,0,2.250,0.042,0.006
13524915,0,2.300,0.043,0.006
13571982,0,2.300,0.043,0.006
13632643,0,2.250,0.042,0.006
13672265,0,2.250,0.042,0.006
13698128,0,2.200,0.041,0.006
13712300,0,2.150,0.041,0.006
13773086,0,2.100,0.040,0.006
13812239,0,2.050,0.039,0.006
13822640,0,2.100,0.040,0.006
13838526,0,2.150,0.041,0.006
13889893,0,2.100,0.040,0.006
13921631,0,2.100,0.040,0.006
13929404,0,2.150,0.041,0.006
13968171,0,2.200,0.041,0.006
13982347,0,2.250,0.042,0.006
13984207,0,2.300,0.043,0.006
13995047,0,2.350,0.044,0.006
14033189,0,2.250,0.042,0.006
14047785,0,2.250,0.042,0.006
14055641,0,2.250,0.042,0.006
14071050,0,2.300,0.043,0.006
14091694,0,2.350,0.044,0.006
14095064,0,2.400,0.045,0.007
14108147,0,2.450,0.046,0.007
14116740,0,2.500,0.047,0.007
14118230,0,2.550,0.048,0.007
14124531,0,2.550,0.048,0.007
14151070,0,2.600,0.049,0.007
14158141,0,2.650,0.050,0.007
14160374,0,2.700,0.051,0.007
14160727,0,2.750,0.052,0.007
14199529,0,2.700,0.051,0.007
14209270,0,2.700,0.051,0.007
14219285,0,2.750,0.052,0.007
14231272,0,2.750,0.052,0.007
14246218,0,2.750,0.052,0.007
14295896,0,2.750,0.052,0.007
14362145,0,2.600,0.049,0.007
14423059,0,2.500,0.047,0.007
14442144,0,2.450,0.046,0.007
14461557,0,2.500,0.047,0.007
14486980,0,2.500,0.047,0.007
14504606,0,2.450,0.046,0.007
14528647,0,2.500,0.047,0.007
14556798,0,2.500,0.047,0.007
14578558,0,2.500,0.047,0.007
14601254,0,2.500,0.047,0.007
14614305,0,2.550,0.048,0.007
14619909,0,2.600,0.049,0.007
14651633,0,2.550,0.048,0.007
14658668,0,2.550,0.048,0.007
14679640,0,2.550,0.048,0.007
14724608,0,2.500,0.047,0.007
14745538,0,2.550,0.048,0.007
14786292,0,2.550,0.048,0.007
14874873,0,2.500,0.047,0.007
14879369,0,2.550,0.048,0.007
14899931,0,2.550,0.048,0.007
14910822,0,2.550,0.048,0.007
14919780,0,2.600,0.049,0.007
14975228,0,2.600,0.049,0.007
14975955,0,2.650,0.050,0.007
15032399,0,2.600,0.049,0.007
15060918,0,2.600,0.049,0.007
15073218,0,2.650,0.050,0.007
15081079,0,2.700,0.051,0.007
15084451,0,2.700,0.051,0.007
15118937,0,2.750,0.052,0.007
15142927,0,2.700,0.051,0.007
15146665,0,2.750,0.052,0.007
15203604,0,2.600,0.049,0.007
15249361,0,2.550,0.048,0.007
15286995,0,2.550,0.048,0.007
15386698,0,2.100,0.040,0.006
15397486,0,2.100,0.040,0.006
15411994,0,2.100,0.040,0.006
15412352,0,2.150,0.041,0.006
15412667,0,2.200,0.041,0.006
15464866,0,2.150,0.041,0.006
15512622,0,2.150,0.041,0.006
15530174,0,2.200,0.041,0.006
15694705,0,2.000,0.038,0.006
15716429,0,2.000,0.038,0.006
15786304,0,1.900,0.036,0.006
15794606,0,1.950,0.037,0.006
15819785,0,1.850,0.035,0.006
15821256,0,1.900,0.036,0.006
15828044,0,1.950,0.037,0.006
15842986,0,2.000,0.038,0.006
15853097,0,2.000,0.038,0.006
15891771,0,1.950,0.037,0.006
15936733,0,1.950,0.037,0.006
15995743,0,1.900,0.036,0.006
16038857,0,1.950,0.037,0.006
16080454,0,1.900,0.036,0.006
16101690,0,1.900,0.036,0.006
16116338,0,1.900,0.036,0.006
16138861,0,1.900,0.036,0.006
16175901,0,1.850,0.035,0.006
16234474,0,1.850,0.035,0.006
16238201,0,1.900,0.036,0.006
16266822,0,1.900,0.036,0.006
16281440,0,1.850,0.035,0.006
16310626,0,1.850,0.035,0.006
16315034,0,1.850,0.035,0.006
16357166,0,1.800,0.034,0.006
16374707,0,1.850,0.035,0.006
16379529,0,1.900,0.036,0.006
16380993,0,1.950,0.037,0.006
16388734,0,2.000,0.038,0.006
16431102,0,2.000,0.038,0.006
16477993,0,2.000,0.038,0.006
16499661,0,2.000,0.038,0.006
16587834,0,2.000,0.038,0.006
16610553,0,1.850,0.035,0.006
16699789,0,1.850,0.035,0.006
16702785,0,1.900,0.036,0.006
16711361,0,1.900,0.036,0.006
16746039,0,1.900,0.036,0.006
16752425,0,1.950,0.037,0.006
16755004,0,2.000,0.038,0.006
16757200,0,2.050,0.039,0.006
16788203,0,2.100,0.040,0.006
16852275,0,2.150,0.041,0.006
16880166,0,2.200,0.041,0.006
16882780,0,2.250,0.042,0.006
16890950,0,2.250,0.042,0.006
16956917,0,2.250,0.042,0.006
16987101,0,2.250,0.042,0.006
17012112,0,2.250,0.042,0.006
17034113,0,2.150,0.041,0.006
17059483,0,2.100,0.040,0.006
17097606,0,2.100,0.040,0.006
17123738,0,2.150,0.041,0.006
17128604,0,2.200,0.041,0.006
17136437,0,2.200,0.041,0.006
17143468,0,2.250,0.042,0.006
17199944,0,2.250,0.042,0.006
17201403,0,2.300,0.043,0.006
17227932,0,2.350,0.044,0.006
17277575,0,2.350,0.044,0.006
17307443,0,2.300,0.043,0.006
17396694,0,2.200,0.041,0.006
17433982,0,2.200,0.041,0.006
17441078,0,2.200,0.041,0.006
17458251,0,2.250,0.042,0.006
17509825,0,2.150,0.041,0.006
17531215,0,2.150,0.041,0.006
17566792,0,2.150,0.041,0.006
17625653,0,2.000,0.038,0.006
17630090,0,2.000,0.038,0.006
17637221,0,2.050,0.039,0.006
17646163,0,2.100,0.040,0.006
17646913,0,2.200,0.041,0.006
17662429,0,2.250,0.042,0.006
17668276,0,2.300,0.043,0.006
17687229,0,2.300,0.043,0.006
17691648,0,2.350,0.044,0.006
17711405,0,2.350,0.044,0.006
17815810,0,2.300,0.043,0.006
17858558,0,2.350,0.044,0.006
17873190,0,2.400,0.045,0.007
17907667,0,2.350,0.044,0.006
17929782,0,2.350,0.044,0.006
17972402,0,2.200,0.041,0.006
17989598,0,2.200,0.041,0.006
17994078,0,2.250,0.042,0.006
18002312,0,2.300,0.043,0.006
18007149,0,2.350,0.044,0.006
18018426,0,2.350,0.044,0.006
18065279,0,2.350,0.044,0.006
18154051,0,2.250,0.042,0.006
18288972,0,2.050,0.039,0.006
18351350,0,1.850,0.035,0.006
18361484,0,1.900,0.036,0.006
18381321,0,1.950,0.037,0.006
18418063,0,1.900,0.036,0.006
18441920,0,1.900,0.036,0.006
18499746,0,1.900,0.036,0.006
18504575,0,1.900,0.036,0.006
18511216,0,1.950,0.037,0.006
18512307,0,2.000,0.038,0.006
18541364,0,2.050,0.039,0.006
18548434,0,2.100,0.040,0.006
18563306,0,2.150,0.041,0.006
18567006,0,2.200,0.041,0.006
18611648,0,2.200,0.041,0.006
18612752,0,2.250,0.042,0.006
18644030,0,2.200,0.041,0.006
18666327,0,2.200,0.041,0.006
18688309,0,2.250,0.042,0.006
18696098,0,2.300,0.043,0.006
18709491,0,2.300,0.043,0.006
18720313,0,2.350,0.044,0.006
18727350,0,2.350,0.044,0.006
18751281,0,2.400,0.045,0.007
18787129,0,2.400,0.045,0.007
18838724,0,2.300,0.043,0.006
18842088,0,2.300,0.043,0.006
18856997,0,2.250,0.042,0.006
18895815,0,2.100,0.040,0.006
18912735,0,2.100,0.040,0.006
18926108,0,2.150,0.041,0.006
18954113,0,2.200,0.041,0.006
18955568,0,2.250,0.042,0.006
18968957,0,2.300,0.043,0.006
18978674,0,2.350,0.044,0.006
19022418,0,2.350,0.044,0.006
19056768,0,2.350,0.044,0.006
19057842,0,2.400,0.045,0.007
19134556,0,2.300,0.043,0.006
19146146,0,2.350,0.044,0.006
19159967,0,2.400,0.045,0.007
19257108,0,2.250,0.042,0.006
19268648,0,2.250,0.042,0.006
19288788,0,2.300,0.043,0.006
19341518,0,2.350,0.044,0.006
19355321,0,2.300,0.043,0.006
19371027,0,2.350,0.044,0.006
19390495,0,2.400,0.045,0.007
19458037,0,2.450,0.046,0.007
19525480,0,2.450,0.046,0.007
19527710,0,2.500,0.047,0.007
19539701,0,2.550,0.048,0.007
19553970,0,2.550,0.048,0.007
19561103,0,2.550,0.048,0.007
19617854,0,2.500,0.047,0.007
19646679,0,2.500,0.047,0.007
19658249,0,2.550,0.048,0.007
19732837,0,2.400,0.045,0.007
19801453,0,2.250,0.042,0.006
19810056,0,2.250,0.042,0.006
19820147,0,2.200,0.041,0.006
19826939,0,2.250,0.042,0.006
19866323,0,2.200,0.041,0.006
19908182,0,2.150,0.041,0.006
19928964,0,2.050,0.039,0.006
19950088,0,2.100,0.040,0.006
19977842,0,2.100,0.040,0.006
20021703,0,2.100,0.040,0.006
20023154,0,2.150,0.041,0.006
20042222,0,2.100,0.040,0.006
20111589,0,2.050,0.039,0.006
20132895,0,2.000,0.038,0.006
20142560,0,2.050,0.039,0.006
20144412,0,2.100,0.040,0.006
20152288,0,2.100,0.040,0.006
20225816,0,1.950,0.037,0.006
20261508,0,1.900,0.036,0.006
20278330,0,1.950,0.037,0.006
20327225,0,2.000,0.038,0.006
20375479,0,1.900,0.036,0.006
20385178,0,1.950,0.037,0.006
20423523,0,2.000,0.038,0.006
20525649,0,1.850,0.035,0.006
20547735,0,1.850,0.035,0.006
20620157,0,1.800,0.034,0.006
20622743,0,1.850,0.035,0.006
20630584,0,1.900,0.036,0.006
20650035,0,1.950,0.037,0.006
20666860,0,1.950,0.037,0.006
20676998,0,2.000,0.038,0.006
20719355,0,2.050,0.039,0.006
20741960,0,1.950,0.037,0.006
20753144,0,1.950,0.037,0.006
20759472,0,2.000,0.038,0.006
20824153,0,1.950,0.037,0.006
20826370,0,2.000,0.038,0.006
20876599,0,1.950,0.037,0.006
20882983,0,2.000,0.038,0.006
20890818,0,2.050,0.039,0.006
20897186,0,2.100,0.040,0.006
20901655,0,2.150,0.041,0.006
20917421,0,2.200,0.041,0.006
20921554,0,2.250,0.042,0.006
20977626,0,2.250,0.042,0.006
20988466,0,2.300,0.043,0.006
21016386,0,2.200,0.041,0.006
21028394,0,2.200,0.041,0.006
21036595,0,2.250,0.042,0.006
21068128,0,2.250,0.042,0.006
21089895,0,2.300,0.043,0.006
21112829,0,2.300,0.043,0.006
21122077,0,2.350,0.044,0.006
21138138,0,2.350,0.044,0.006
21144535,0,2.350,0.044,0.006
21162904,0,2.400,0.045,0.007
21172633,0,2.450,0.046,0.007
21206446,0,2.450,0.046,0.007
21225488,0,2.400,0.045,0.007
21226621,0,2.450,0.046,0.007
21226959,0,2.500,0.047,0.007
21237084,0,2.550,0.048,0.007
21256129,0,2.550,0.048,0.007
21285373,0,2.600,0.049,0.007
21287246,0,2.650,0.050,0.007
21296888,0,2.700,0.051,0.007
21298765,0,2.750,0.052,0.007
21314730,0,2.750,0.052,0.007
21318081,0,2.800,0.053,0.007
21360433,0,2.650,0.050,0.007
21373242,0,2.650,0.050,0.007
21390081,0,2.700,0.051,0.007
21409566,0,2.750,0.052,0.007
21436934,0,2.750,0.052,0.007
21460930,0,2.750,0.052,0.007
21471143,0,2.800,0.053,0.007
21484031,0,2.800,0.053,0.007
21553519,0,2.800,0.053,0.007
21558694,0,2.850,0.054,0.007
21563545,0,2.900,0.055,0.007
21711626,0,2.800,0.053,0.007
21773807,0,2.750,0.052,0.007
21787638,0,2.800,0.053,0.007
21825891,0,2.750,0.052,0.007
21866201,0,2.650,0.050,0.007
21894730,0,2.650,0.050,0.007
21896579,0,2.700,0.051,0.007
21912931,0,2.750,0.052,0.007
21944827,0,2.700,0.051,0.007
21948208,0,2.750,0.052,0.007
21956449,0,2.700,0.051,0.007
21982245,0,2.750,0.052,0.007
22039760,0,2.750,0.052,0.007
22046877,0,2.800,0.053,0.007
22051337,0,2.850,0.054,0.007
22079410,0,2.850,0.054,0.007
22098107,0,2.750,0.052,0.007
22123676,0,2.650,0.050,0.007
22133827,0,2.700,0.051,0.007
22163125,0,2.750,0.052,0.007
22207583,0,2.700,0.051,0.007
22234456,0,2.700,0.051,0.007
22257078,0,2.700,0.051,0.007
22263327,0,2.750,0.052,0.007
22264044,0,2.800,0.053,0.007
22282525,0,2.800,0.053,0.007
22288125,0,2.800,0.053,0.007
22298187,0,2.850,0.054,0.007
22335012,0,2.750,0.052,0.007
22352243,0,2.700,0.051,0.007
22419789,0,2.600,0.049,0.007
22439008,0,2.450,0.046,0.007
22456202,0,2.450,0.046,0.007
22457692,0,2.500,0.047,0.007
22514339,0,2.250,0.042,0.006
22626160,0,2.150,0.041,0.006
22644139,0,2.150,0.041,0.006
22673911,0,2.100,0.040,0.006
22732402,0,2.100,0.040,0.006
22750410,0,2.150,0.041,0.006
22786425,0,2.050,0.039,0.006
22793165,0,2.100,0.040,0.006
22807090,0,2.150,0.041,0.006
22856904,0,2.200,0.041,0.006
22862119,0,2.250,0.042,0.006
22886117,0,2.300,0.043,0.006
22892113,0,2.350,0.044,0.006
22910039,0,2.350,0.044,0.006
22957661,0,2.400,0.045,0.007
22966593,0,2.450,0.046,0.007
22974400,0,2.450,0.046,0.007
22979223,0,2.500,0.047,0.007
23027794,0,2.450,0.046,0.007
23028505,0,2.500,0.047,0.007
23032219,0,2.550,0.048,0.007
23037760,0,2.600,0.049,0.007
23052231,0,2.650,0.050,0.007
23053994,0,2.700,0.051,0.007
23130753,0,2.550,0.048,0.007
23215161,0,2.400,0.045,0.007
23228637,0,2.450,0.046,0.007
23232287,0,2.500,0.047,0.007
23255583,0,2.350,0.044,0.006
23257423,0,2.400,0.045,0.007
23293506,0,2.350,0.044,0.006
23312922,0,2.400,0.045,0.007
23334080,0,2.350,0.044,0.006
23347934,0,2.400,0.045,0.007
23426837,0,2.350,0.044,0.006
23427547,0,2.400,0.045,0.007
23429022,0,2.450,0.046,0.007
23433467,0,2.450,0.046,0.007
23470623,0,2.350,0.044,0.006
23520752,0,2.250,0.042,0.006
23538705,0,2.250,0.042,0.006
23544202,0,2.300,0.043,0.006
23551613,0,2.350,0.044,0.006
23581202,0,2.400,0.045,0.007
23608700,0,2.450,0.046,0.007
23626921,0,2.450,0.046,0.007
23636984,0,2.450,0.046,0.007
23651987,0,2.500,0.047,0.007
23653107,0,2.450,0.046,0.007
23725131,0,2.450,0.046,0.007
23738044,0,2.500,0.047,0.007
23787704,0,2.550,0.048,0.007
23803467,0,2.600,0.049,0.007
23821047,0,2.600,0.049,0.007
23849536,0,2.600,0.049,0.007
23883061,0,2.600,0.049,0.007
23917574,0,2.650,0.050,0.007
23919089,0,2.700,0.051,0.007
23936776,0,2.700,0.051,0.007
24011700,0,2.550,0.048,0.007
24144107,0,2.350,0.044,0.006
24170032,0,2.300,0.043,0.006
24187785,0,2.250,0.042,0.006
24219646,0,2.300,0.043,0.006
24304236,0,2.050,0.039,0.006
24326277,0,2.100,0.040,0.006
24362635,0,2.100,0.040,0.006
24364106,0,2.150,0.041,0.006
24387548,0,2.200,0.041,0.006
24404658,0,2.250,0.042,0.006
24405745,0,2.300,0.043,0.006
24425724,0,2.300,0.043,0.006
24431647,0,2.250,0.042,0.006
24434919,0,2.300,0.043,0.006
24456198,0,2.300,0.043,0.006
24513495,0,2.200,0.041,0.006
24519062,0,2.250,0.042,0.006
24570468,0,2.200,0.041,0.006
24573432,0,2.250,0.042,0.006
24586277,0,2.300,0.043,0.006
24598455,0,2.350,0.044,0.006
24600278,0,2.400,0.045,0.007
24622081,0,2.450,0.046,0.007
24627994,0,2.350,0.044,0.006
24662454,0,2.350,0.044,0.006
24683643,0,2.350,0.044,0.006
24740818,0,2.250,0.042,0.006
24765013,0,2.250,0.042,0.006
24798829,0,2.250,0.042,0.006
24809566,0,2.250,0.042,0.006
24828536,0,2.250,0.042,0.006
24855228,0,2.150,0.041,0.006
24898387,0,2.200,0.041,0.006
24913685,0,2.250,0.042,0.006
24925593,0,2.250,0.042,0.006
24927032,0,2.300,0.043,0.006
24945643,0,2.300,0.043,0.006
24953110,0,2.350,0.044,0.006
24958742,0,2.400,0.045,0.007
24998852,0,2.400,0.045,0.007
25018246,0,2.400,0.045,0.007
25032351,0,2.400,0.045,0.007
25062331,0,2.400,0.045,0.007
25063436,0,2.450,0.046,0.007
25087714,0,2.450,0.046,0.007
25099600,0,2.500,0.047,0.007
25110721,0,2.550,0.048,0.007
25111061,0,2.600,0.049,0.007
25121088,0,2.550,0.048,0.007
25151299,0,2.550,0.048,0.007
25154644,0,2.600,0.049,0.007
25168721,0,2.650,0.050,0.007
25175038,0,2.700,0.051,0.007
25277924,0,2.700,0.051,0.007
25337419,0,2.750,0.052,0.007
25364208,0,2.750,0.052,0.007
25395893,0,2.700,0.051,0.007
25415238,0,2.750,0.052,0.007
25467157,0,2.700,0.051,0.007
25521767,0,2.700,0.051,0.007
25537546,0,2.700,0.051,0.007
25556847,0,2.750,0.052,0.007
25598896,0,2.650,0.050,0.007
25632041,0,2.500,0.047,0.007
25634994,0,2.500,0.047,0.007
25668547,0,2.500,0.047,0.007
25671524,0,2.550,0.048,0.007
25704759,0,2.600,0.049,0.007
25709271,0,2.650,0.050,0.007
25745536,0,2.600,0.049,0.007
25749601,0,2.650,0.050,0.007
25807875,0,2.450,0.046,0.007
25852478,0,2.400,0.045,0.007
25861428,0,2.400,0.045,0.007
25887927,0,2.400,0.045,0.007
25972885,0,2.350,0.044,0.006
25982284,0,2.400,0.045,0.007
25989355,0,2.450,0.046,0.007
26019387,0,2.400,0.045,0.007
26039226,0,2.400,0.045,0.007
26088956,0,2.400,0.045,0.007
26105350,0,2.400,0.045,0.007
26106412,0,2.450,0.046,0.007
26110108,0,2.500,0.047,0.007
26112328,0,2.550,0.048,0.007
26123366,0,2.550,0.048,0.007
26127412,0,2.500,0.047,0.007
26132582,0,2.550,0.048,0.007
26141455,0,2.600,0.049,0.007
26144334,0,2.600,0.049,0.007
26147652,0,2.650,0.050,0.007
26167022,0,2.600,0.049,0.007
26180817,0,2.650,0.050,0.007
26222935,0,2.600,0.049,0.007
26229674,0,2.600,0.049,0.007
26260457,0,2.600,0.049,0.007
26280265,0,2.600,0.049,0.007
26336982,0,2.400,0.045,0.007
26362857,0,2.350,0.044,0.006
26368876,0,2.350,0.044,0.006
26384975,0,2.350,0.044,0.006
26397281,0,2.400,0.045,0.007
26454317,0,2.450,0.046,0.007
26465226,0,2.500,0.047,0.007
26559973,0,2.450,0.046,0.007
26573761,0,2.450,0.046,0.007
26589830,0,2.450,0.046,0.007
26599134,0,2.450,0.046,0.007
26607440,0,2.500,0.047,0.007
26611214,0,2.500,0.047,0.007
26635873,0,2.550,0.048,0.007
26648536,0,2.600,0.049,0.007
26654457,0,2.650,0.050,0.007
26674558,0,2.700,0.051,0.007
26697392,0,2.750,0.052,0.007
26732155,0,2.750,0.052,0.007
26749827,0,2.750,0.052,0.007
26758785,0,2.750,0.052,0.007
26782006,0,2.800,0.053,0.007
26786482,0,2.850,0.054,0.007
26807102,0,2.850,0.054,0.007
26814211,0,2.900,0.055,0.007
26823534,0,2.950,0.056,0.007
26824636,0,3.000,0.057,0.007
26865917,0,2.950,0.056,0.007
26874192,0,2.900,0.055,0.007
26924758,0,2.850,0.054,0.007
26939289,0,2.900,0.055,0.007
26946426,0,2.850,0.054,0.007
26947844,0,2.900,0.055,0.007
26971434,0,2.950,0.056,0.007
27007096,0,2.950,0.056,0.007
27041640,0,3.000,0.057,0.007
27055528,0,3.000,0.057,0.007
27064178,0,3.000,0.057,0.007
27110890,0,3.000,0.057,0.007
27119868,0,3.050,0.058,0.007
27146421,0,3.100,0.058,0.007
27165174,0,3.150,0.059,0.007
27166280,0,3.200,0.060,0.008
27172282,0,3.200,0.060,0.008
27214168,0,3.150,0.059,0.007
27220530,0,3.150,0.059,0.007
27256147,0,3.150,0.059,0.007
27270953,0,3.200,0.060,0.008
27300129,0,3.200,0.060,0.008
27336147,0,2.900,0.055,0.007
27403325,0,2.700,0.051,0.007
27412369,0,2.750,0.052,0.007
27421022,0,2.750,0.052,0.007
27426648,0,2.750,0.052,0.007
27487770,0,2.700,0.051,0.007
27491890,0,2.750,0.052,0.007
27500571,0,2.800,0.053,0.007
27546058,0,2.750,0.052,0.007
27571326,0,2.700,0.051,0.007
27599163,0,2.650,0.050,0.007
27605445,0,2.700,0.051,0.007
27609809,0,2.750,0.052,0.007
27640188,0,2.800,0.053,0.007
27655386,0,2.800,0.053,0.007
27692170,0,2.800,0.053,0.007
27693275,0,2.850,0.054,0.007
27697707,0,2.900,0.055,0.007
27708050,0,2.950,0.056,0.007
27709861,0,3.000,0.057,0.007
27727015,0,3.050,0.058,0.007
27735248,0,3.100,0.058,0.007
27741561,0,3.150,0.059,0.007
27770991,0,3.100,0.058,0.007
27775112,0,3.150,0.059,0.007
27907927,0,2.800,0.053,0.007
27910884,0,2.850,0.054,0.007
27918740,0,2.900,0.055,0.007
27938214,0,2.900,0.055,0.007
27952683,0,2.900,0.055,0.007
28113000,0,2.500,0.047,0.007
28139060,0,2.450,0.046,0.007
28190374,0,2.350,0.044,0.006
28231193,0,2.350,0.044,0.006
28243898,0,2.350,0.044,0.006
28264900,0,2.300,0.043,0.006
28274643,0,2.350,0.044,0.006
28367772,0,2.150,0.041,0.006
28374156,0,2.150,0.041,0.006
28393038,0,2.200,0.041,0.006
28412763,0,2.200,0.041,0.006
28424485,0,2.200,0.041,0.006
28442815,0,2.250,0.042,0.006
28467173,0,2.250,0.042,0.006
28496124,0,2.200,0.041,0.006
28502157,0,2.250,0.042,0.006
28511504,0,2.300,0.043,0.006
28547466,0,2.300,0.043,0.006
28574177,0,2.350,0.044,0.006
28577105,0,2.400,0.045,0.007
28670830,0,2.250,0.042,0.006
28701019,0,2.150,0.041,0.006
28783678,0,2.150,0.041,0.006
28784809,0,2.200,0.041,0.006
28789303,0,2.250,0.042,0.006
28790782,0,2.300,0.043,0.006
28804186,0,2.250,0.042,0.006
28804552,0,2.300,0.043,0.006
28826187,0,2.300,0.043,0.006
28859457,0,2.250,0.042,0.006
28897365,0,2.150,0.041,0.006
28900338,0,2.200,0.041,0.006
28903296,0,2.200,0.041,0.006
28906274,0,2.250,0.042,0.006
28952039,0,2.100,0.040,0.006
28962576,0,2.150,0.041,0.006
28971926,0,2.150,0.041,0.006
28989490,0,2.200,0.041,0.006
28993038,0,2.250,0.042,0.006
28997858,0,2.300,0.043,0.006
29018003,0,2.350,0.044,0.006
29055612,0,2.400,0.045,0.007
29060356,0,2.450,0.046,0.007
29076884,0,2.500,0.047,0.007
29088476,0,2.550,0.048,0.007
29103067,0,2.600,0.049,0.007
29124438,0,2.500,0.047,0.007
29132692,0,2.550,0.048,0.007
29147288,0,2.550,0.048,0.007
29207237,0,2.550,0.048,0.007
29234466,0,2.600,0.049,0.007
29251980,0,2.650,0.050,0.007
29258709,0,2.700,0.051,0.007
29260190,0,2.750,0.052,0.007
29284192,0,2.800,0.053,0.007
29298389,0,2.850,0.054,0.007
29324262,0,2.850,0.054,0.007
29355394,0,2.850,0.054,0.007
29372332,0,2.900,0.055,0.007
29404533,0,2.900,0.055,0.007
29426671,0,2.950,0.056,0.007
29427793,0,3.000,0.057,0.007
29470496,0,2.900,0.055,0.007
29510185,0,2.900,0.055,0.007
29518473,0,2.950,0.056,0.007
29538365,0,3.000,0.057,0.007
29546255,0,3.050,0.058,0.007
29555656,0,3.100,0.058,0.007
29572776,0,3.050,0.058,0.007
29583966,0,3.100,0.058,0.007
29588067,0,3.150,0.059,0.007
29598236,0,3.150,0.059,0.007
29604996,0,3.200,0.060,0.008
29627551,0,3.150,0.059,0.007
29659555,0,3.150,0.059,0.007
29673810,0,3.150,0.059,0.007
29706423,0,3.050,0.058,0.007
29741213,0,3.100,0.058,0.007
29755147,0,3.100,0.058,0.007
29781593,0,3.050,0.058,0.007
29786778,0,3.100,0.058,0.007
29812293,0,3.150,0.059,0.007
29824683,0,3.200,0.060,0.008
29842678,0,3.250,0.061,0.008
29875559,0,3.250,0.061,0.008
29877413,0,3.300,0.062,0.008
29921365,0,3.300,0.062,0.008
29933312,0,3.350,0.063,0.008
29950760,0,3.450,0.065,0.008
29957112,0,3.500,0.066,0.008
29968288,0,3.550,0.067,0.008
29973447,0,3.600,0.068,0.008
29999698,0,3.450,0.065,0.008
30051485,0,3.350,0.063,0.008
30073285,0,3.350,0.063,0.008
30086375,0,3.400,0.064,0.008
30091245,0,3.450,0.065,0.008
30104425,0,3.300,0.062,0.008
30181960,0,3.200,0.060,0.008
30207141,0,3.050,0.058,0.007
30221341,0,3.050,0.058,0.007
30221697,0,3.100,0.058,0.007
30265524,0,3.050,0.058,0.007
30268117,0,3.100,0.058,0.007
30291405,0,3.050,0.058,0.007
30320456,0,3.050,0.058,0.007
30327857,0,3.050,0.058,0.007
30360492,0,3.000,0.057,0.007
30361927,0,3.050,0.058,0.007
30372805,0,3.100,0.058,0.007
30464220,0,2.900,0.055,0.007
30469864,0,2.950,0.056,0.007
30508439,0,2.900,0.055,0.007
30585550,0,2.800,0.053,0.007
30617440,0,2.800,0.053,0.007
30621420,0,2.850,0.054,0.007
30653068,0,2.800,0.053,0.007
30689159,0,2.800,0.053,0.007
30763377,0,2.600,0.049,0.007
30777614,0,2.600,0.049,0.007
30786887,0,2.550,0.048,0.007
30810368,0,2.500,0.047,0.007
30811803,0,2.550,0.048,0.007
30853028,0,2.550,0.048,0.007
30921825,0,2.450,0.046,0.007
30928519,0,2.500,0.047,0.007
30934848,0,2.550,0.048,0.007
30935496,0,2.600,0.049,0.007
30962463,0,2.550,0.048,0.007
31032079,0,2.400,0.045,0.007
31071090,0,2.400,0.045,0.007
31082376,0,2.350,0.044,0.006
31138389,0,2.300,0.043,0.006
31162758,0,2.200,0.041,0.006
31258483,0,2.050,0.039,0.006
31290406,0,1.950,0.037,0.006
31297457,0,2.000,0.038,0.006
31346533,0,2.000,0.038,0.006
31402117,0,2.000,0.038,0.006
31437346,0,1.900,0.036,0.006
31442918,0,1.950,0.037,0.006
31481848,0,1.900,0.036,0.006
31508731,0,1.900,0.036,0.006
31515425,0,1.950,0.037,0.006
31562273,0,1.800,0.034,0.006
31576871,0,1.800,0.034,0.006
31584737,0,1.850,0.035,0.006
31604617,0,1.900,0.036,0.006
31661938,0,1.950,0.037,0.006
31675776,0,1.900,0.036,0.006
31678632,0,1.950,0.037,0.006
31679764,0,2.000,0.038,0.006
31682717,0,2.050,0.039,0.006
31683450,0,2.100,0.040,0.006
31717919,0,2.100,0.040,0.006
31726815,0,2.150,0.041,0.006
31739152,0,2.200,0.041,0.006
31783639,0,2.200,0.041,0.006
31790777,0,2.250,0.042,0.006
31806923,0,2.300,0.043,0.006
31844508,0,2.250,0.042,0.006
31877220,0,2.250,0.042,0.006
31912080,0,2.250,0.042,0.006
31941404,0,2.350,0.044,0.006
31964737,0,2.350,0.044,0.006
31977379,0,2.350,0.044,0.006
32031228,0,2.250,0.042,0.006
32050199,0,2.300,0.043,0.006
32055071,0,2.300,0.043,0.006
32081218,0,2.350,0.044,0.006
32084982,0,2.400,0.045,0.007
32121723,0,2.400,0.045,0.007
32175659,0,2.250,0.042,0.006
32198224,0,2.300,0.043,0.006
32239688,0,2.300,0.043,0.006
32266275,0,2.350,0.044,0.006
32267362,0,2.400,0.045,0.007
32279687,0,2.400,0.045,0.007
32355458,0,2.350,0.044,0.006
32364088,0,2.350,0.044,0.006
32367821,0,2.400,0.045,0.007
32387222,0,2.450,0.046,0.007
32414976,0,2.500,0.047,0.007
32591367,0,2.350,0.044,0.006
32594680,0,2.400,0.045,0.007
32629667,0,2.400,0.045,0.007
32638745,0,2.400,0.045,0.007
32654873,0,2.400,0.045,0.007
32671415,0,2.450,0.046,0.007
32698439,0,2.450,0.046,0.007
32703484,0,2.500,0.047,0.007
32703810,0,2.550,0.048,0.007
32774961,0,2.400,0.045,0.007
32777500,0,2.450,0.046,0.007
32781975,0,2.500,0.047,0.007
32831920,0,2.450,0.046,0.007
32869137,0,2.450,0.046,0.007
32903412,0,2.250,0.042,0.006
32915356,0,2.300,0.043,0.006
32916770,0,2.300,0.043,0.006
32919358,0,2.300,0.043,0.006
32923101,0,2.300,0.043,0.006
32952238,0,2.300,0.043,0.006
32998659,0,2.250,0.042,0.006
33010231,0,2.300,0.043,0.006
33057167,0,2.300,0.043,0.006
33113467,0,2.250,0.042,0.006
33114190,0,2.300,0.043,0.006
33133263,0,2.350,0.044,0.006
33136981,0,2.400,0.045,0.007
33149301,0,2.350,0.044,0.006
33158618,0,2.400,0.045,0.007
33190850,0,2.350,0.044,0.006
33200960,0,2.400,0.045,0.007
33203200,0,2.450,0.046,0.007
33293727,0,2.250,0.042,0.006
33299713,0,2.300,0.043,0.006
33315365,0,2.350,0.044,0.006
33337019,0,2.350,0.044,0.006
33358354,0,2.400,0.045,0.007
33359082,0,2.450,0.046,0.007
33424972,0,2.400,0.045,0.007
33441688,0,2.400,0.045,0.007
33445747,0,2.450,0.046,0.007
33467480,0,2.400,0.045,0.007
33506908,0,2.400,0.045,0.007
33529811,0,2.400,0.045,0.007
33569520,0,2.300,0.043,0.006
33613635,0,2.250,0.042,0.006
33636850,0,2.300,0.043,0.006
33654038,0,2.350,0.044,0.006
33723473,0,2.400,0.045,0.007
33725335,0,2.450,0.046,0.007
33749186,0,2.500,0.047,0.007
33760010,0,2.550,0.048,0.007
33778753,0,2.600,0.049,0.007
33814103,0,2.550,0.048,0.007
33840084,0,2.500,0.047,0.007
33846336,0,2.550,0.048,0.007
33919788,0,2.350,0.044,0.006
33945549,0,2.400,0.045,0.007
33948149,0,2.450,0.046,0.007
33991461,0,2.350,0.044,0.006
34014546,0,2.400,0.045,0.007
34025655,0,2.450,0.046,0.007
34094739,0,2.400,0.045,0.007
34102940,0,2.400,0.045,0.007
34109983,0,2.450,0.046,0.007
34209862,0,2.150,0.041,0.006
34219159,0,2.200,0.041,0.006
34231110,0,2.250,0.042,0.006
34246058,0,2.300,0.043,0.006
34270491,0,2.300,0.043,0.006
34276815,0,2.350,0.044,0.006
34296031,0,2.400,0.045,0.007
34298219,0,2.450,0.046,0.007
34305986,0,2.500,0.047,0.007
34332907,0,2.350,0.044,0.006
34346769,0,2.350,0.044,0.006
34347900,0,2.400,0.045,0.007
34353508,0,2.450,0.046,0.007
34388208,0,2.400,0.045,0.007
34428294,0,2.350,0.044,0.006
34432032,0,2.400,0.045,0.007
34444774,0,2.450,0.046,0.007
34451484,0,2.500,0.047,0.007
34475460,0,2.550,0.048,0.007
34503512,0,2.500,0.047,0.007
34520057,0,2.500,0.047,0.007
34529377,0,2.550,0.048,0.007
34547351,0,2.550,0.048,0.007
34576400,0,2.500,0.047,0.007
34635519,0,2.500,0.047,0.007
34635886,0,2.550,0.048,0.007
34639231,0,2.550,0.048,0.007
34641094,0,2.600,0.049,0.007
34716966,0,2.500,0.047,0.007
34727162,0,2.550,0.048,0.007
34732814,0,2.600,0.049,0.007
34737682,0,2.650,0.050,0.007
34738776,0,2.700,0.051,0.007
34760874,0,2.750,0.052,0.007
34814081,0,2.700,0.051,0.007
34827741,0,2.750,0.052,0.007
34853505,0,2.700,0.051,0.007
34882134,0,2.750,0.052,0.007
34882870,0,2.800,0.053,0.007
34887305,0,2.850,0.054,0.007
34895575,0,2.900,0.055,0.007
34924775,0,2.850,0.054,0.007
34996029,0,2.750,0.052,0.007
35000103,0,2.800,0.053,0.007
35009099,0,2.850,0.054,0.007
35018064,0,2.850,0.054,0.007
35035325,0,2.850,0.054,0.007
35048758,0,2.850,0.054,0.007
35051356,0,2.900,0.055,0.007
35068303,0,2.950,0.056,0.007
35168044,0,2.850,0.054,0.007
35226216,0,2.750,0.052,0.007
35230998,0,2.800,0.053,0.007
35255708,0,2.850,0.054,0.007
35305059,0,2.750,0.052,0.007
35338200,0,2.800,0.053,0.007
35338914,0,2.850,0.054,0.007
35357852,0,2.900,0.055,0.007
35360755,0,2.950,0.056,0.007
35363373,0,3.000,0.057,0.007
35381262,0,3.050,0.058,0.007
35382347,0,3.100,0.058,0.007
35386085,0,3.150,0.059,0.007
35478985,0,2.900,0.055,0.007
35509020,0,2.800,0.053,0.007
35519599,0,2.850,0.054,0.007
35557115,0,2.700,0.051,0.007
35571414,0,2.750,0.052,0.007
35585345,0,2.800,0.053,0.007
35629596,0,2.700,0.051,0.007
35664876,0,2.650,0.050,0.007
35668210,0,2.700,0.051,0.007
35674245,0,2.700,0.051,0.007
35694981,0,2.750,0.052,0.007
35709616,0,2.750,0.052,0.007
35761377,0,2.650,0.050,0.007
35766285,0,2.700,0.051,0.007
35901083,0,2.500,0.047,0.007
35903676,0,2.550,0.048,0.007
35917063,0,2.550,0.048,0.007
35959417,0,2.350,0.044,0.006
35972870,0,2.400,0.045,0.007
35995041,0,2.450,0.046,0.007
36034823,0,2.400,0.045,0.007
36061838,0,2.400,0.045,0.007
36126247,0,2.200,0.041,0.006
36148345,0,2.250,0.042,0.006
36157018,0,2.300,0.043,0.006
36191937,0,2.350,0.044,0.006
36194143,0,2.350,0.044,0.006
36260349,0,2.100,0.040,0.006
36261437,0,2.150,0.041,0.006
36294114,0,2.150,0.041,0.006
36360977,0,2.200,0.041,0.006
36386507,0,2.200,0.041,0.006
36423043,0,2.200,0.041,0.006
36432785,0,2.200,0.041,0.006
36486433,0,2.200,0.041,0.006
36504801,0,2.200,0.041,0.006
36529827,0,2.250,0.042,0.006
36538342,0,2.200,0.041,0.006
36548343,0,2.250,0.042,0.006
36578171,0,2.050,0.039,0.006
36584177,0,2.050,0.039,0.006
36585310,0,2.100,0.040,0.006
36595286,0,2.150,0.041,0.006
36653126,0,2.200,0.041,0.006
36678496,0,2.200,0.041,0.006
36685612,0,2.250,0.042,0.006
36727775,0,2.200,0.041,0.006
36734143,0,2.250,0.042,0.006
36736703,0,2.300,0.043,0.006
36749398,0,2.350,0.044,0.006
36773106,0,2.300,0.043,0.006
36875211,0,2.100,0.040,0.006
36883662,0,2.150,0.041,0.006
36905461,0,2.150,0.041,0.006
36946712,0,2.150,0.041,0.006
36948530,0,2.200,0.041,0.006
37004289,0,2.150,0.041,0.006
37008400,0,2.200,0.041,0.006
37041088,0,2.250,0.042,0.006
37078379,0,2.300,0.043,0.006
37078742,0,2.350,0.044,0.006
37099222,0,2.300,0.043,0.006
37101086,0,2.350,0.044,0.006
37123930,0,2.350,0.044,0.006
37163412,0,2.350,0.044,0.006
37170096,0,2.400,0.045,0.007
37192062,0,2.400,0.045,0.007
37224283,0,2.400,0.045,0.007
37234415,0,2.400,0.045,0.007
37241928,0,2.450,0.046,0.007
37277971,0,2.450,0.046,0.007
37283515,0,2.500,0.047,0.007
37310414,0,2.550,0.048,0.007
37316723,0,2.600,0.049,0.007
37336948,0,2.600,0.049,0.007
37341037,0,2.650,0.050,0.007
37392307,0,2.550,0.048,0.007
37393427,0,2.550,0.048,0.007
37405392,0,2.600,0.049,0.007
37452801,0,2.650,0.050,0.007
37466951,0,2.600,0.049,0.007
37485664,0,2.650,0.050,0.007
37647134,0,2.450,0.046,0.007
37676586,0,2.500,0.047,0.007
37691483,0,2.500,0.047,0.007
37700094,0,2.550,0.048,0.007
37710566,0,2.550,0.048,0.007
37771618,0,2.450,0.046,0.007
37781021,0,2.450,0.046,0.007
37828180,0,2.350,0.044,0.006
37889605,0,2.250,0.042,0.006
37911650,0,2.300,0.043,0.006
37914223,0,2.350,0.044,0.006
37981865,0,2.150,0.041,0.006
38043233,0,2.200,0.041,0.006
38074290,0,2.200,0.041,0.006
38099057,0,2.200,0.041,0.006
38117016,0,2.200,0.041,0.006
38158954,0,2.150,0.041,0.006
38191605,0,2.200,0.041,0.006
38195381,0,2.250,0.042,0.006
38206914,0,2.250,0.042,0.006
38221644,0,2.300,0.043,0.006
38234341,0,2.350,0.044,0.006
38261374,0,2.350,0.044,0.006
38284637,0,2.300,0.043,0.006
38288361,0,2.350,0.044,0.006
38293257,0,2.400,0.045,0.007
38317980,0,2.350,0.044,0.006
38328520,0,2.350,0.044,0.006
38380419,0,2.300,0.043,0.006
38384403,0,2.350,0.044,0.006
38448094,0,2.200,0.041,0.006
38469718,0,2.250,0.042,0.006
38479846,0,2.200,0.041,0.006
38494798,0,2.250,0.042,0.006
38515022,0,2.200,0.041,0.006
38543584,0,2.150,0.041,0.006
38550717,0,2.200,0.041,0.006
38557886,0,2.250,0.042,0.006
38562739,0,2.300,0.043,0.006
38570959,0,2.350,0.044,0.006
38622785,0,2.250,0.042,0.006
38647786,0,2.300,0.043,0.006
38652708,0,2.300,0.043,0.006
38695757,0,2.250,0.042,0.006
38796718,0,2.300,0.043,0.006
38807209,0,2.350,0.044,0.006
38819957,0,2.400,0.045,0.007
38874473,0,2.350,0.044,0.006
38914955,0,2.250,0.042,0.006
38923122,0,2.300,0.043,0.006
38944067,0,2.350,0.044,0.006
38992740,0,2.300,0.043,0.006
39000943,0,2.350,0.044,0.006
39019309,0,2.400,0.045,0.007
39073339,0,2.400,0.045,0.007
39086081,0,2.400,0.045,0.007
39089033,0,2.450,0.046,0.007
39100662,0,2.500,0.047,0.007
39130339,0,2.450,0.046,0.007
39136721,0,2.500,0.047,0.007
39174444,0,2.550,0.048,0.007
39240664,0,2.500,0.047,0.007
39262097,0,2.550,0.048,0.007
39289380,0,2.550,0.048,0.007
39334798,0,2.500,0.047,0.007
39350820,0,2.550,0.048,0.007
39379985,0,2.550,0.048,0.007
39385276,0,2.600,0.049,0.007
39409446,0,2.550,0.048,0.007
39430427,0,2.500,0.047,0.007
39442398,0,2.500,0.047,0.007
39455887,0,2.550,0.048,0.007
39480339,0,2.550,0.048,0.007
39532176,0,2.350,0.044,0.006
39550269,0,2.400,0.045,0.007
39572358,0,2.450,0.046,0.007
39573088,0,2.500,0.047,0.007
39618147,0,2.450,0.046,0.007
39620760,0,2.500,0.047,0.007
39651067,0,2.500,0.047,0.007
39687340,0,2.450,0.046,0.007
39735741,0,2.400,0.045,0.007
39771621,0,2.200,0.041,0.006
39844047,0,2.200,0.041,0.006
39864213,0,2.150,0.041,0.006
39964647,0,2.150,0.041,0.006
40019912,0,2.050,0.039,0.006
40038293,0,2.100,0.040,0.006
40041225,0,2.150,0.041,0.006
40045636,0,2.200,0.041,0.006
40064726,0,2.250,0.042,0.006
40075536,0,2.250,0.042,0.006
40096897,0,2.300,0.043,0.006
40097602,0,2.350,0.044,0.006
40106223,0,2.400,0.045,0.007
40108077,0,2.450,0.046,0.007
40129830,0,2.400,0.045,0.007
40150080,0,2.400,0.045,0.007
40260438,0,2.300,0.043,0.006
40273529,0,2.300,0.043,0.006
40298699,0,2.200,0.041,0.006
40305382,0,2.250,0.042,0.006
40308721,0,2.300,0.043,0.006
40322728,0,2.350,0.044,0.006
40348101,0,2.300,0.043,0.006
40402230,0,2.300,0.043,0.006
40434013,0,2.350,0.044,0.006
40441110,0,2.350,0.044,0.006
40497088,0,2.300,0.043,0.006
40498577,0,2.350,0.044,0.006
40535324,0,2.350,0.044,0.006
40537504,0,2.400,0.045,0.007
40596471,0,2.300,0.043,0.006
40679570,0,2.050,0.039,0.006
40687556,0,2.100,0.040,0.006
40692024,0,2.150,0.041,0.006
40703089,0,2.200,0.041,0.006
40706750,0,2.250,0.042,0.006
40712319,0,2.300,0.043,0.006
40729901,0,2.300,0.043,0.006
40769414,0,2.300,0.043,0.006
40789190,0,2.250,0.042,0.006
40799930,0,2.300,0.043,0.006
40899159,0,2.100,0.040,0.006
40927188,0,2.150,0.041,0.006
40936872,0,2.150,0.041,0.006
40939116,0,2.200,0.041,0.006
40941267,0,2.250,0.042,0.006
40953966,0,2.300,0.043,0.006
40970117,0,2.300,0.043,0.006
40979027,0,2.350,0.044,0.006
41019404,0,2.400,0.045,0.007
41031665,0,2.450,0.046,0.007
41048147,0,2.450,0.046,0.007
41058268,0,2.500,0.047,0.007
41145148,0,2.500,0.047,0.007
41149665,0,2.550,0.048,0.007
41220201,0,2.500,0.047,0.007
41232891,0,2.500,0.047,0.007
41285003,0,2.350,0.044,0.006
41329497,0,2.150,0.041,0.006
41334365,0,2.200,0.041,0.006
41343807,0,2.250,0.042,0.006
41361854,0,2.250,0.042,0.006
41368945,0,2.300,0.043,0.006
41386688,0,2.350,0.044,0.006
41402472,0,2.400,0.045,0.007
41444003,0,2.450,0.046,0.007
41516412,0,2.250,0.042,0.006
41520890,0,2.250,0.042,0.006
41522358,0,2.300,0.043,0.006
41541309,0,2.350,0.044,0.006
41565622,0,2.350,0.044,0.006
41582391,0,2.400,0.045,0.007
41597427,0,2.450,0.046,0.007
41645316,0,2.350,0.044,0.006
41683980,0,2.400,0.045,0.007
41719914,0,2.350,0.044,0.006
41776844,0,2.300,0.043,0.006
41812985,0,2.300,0.043,0.006
41858957,0,2.350,0.044,0.006
41887366,0,2.250,0.042,0.006
41923128,0,2.150,0.041,0.006
41938863,0,2.150,0.041,0.006
41955669,0,2.200,0.041,0.006
41981476,0,2.200,0.041,0.006
41988603,0,2.200,0.041,0.006
41996769,0,2.200,0.041,0.006
42001631,0,2.250,0.042,0.006
42024961,0,2.350,0.044,0.006
42038867,0,2.400,0.045,0.007
42041498,0,2.450,0.046,0.007
42049642,0,2.500,0.047,0.007
42061569,0,2.550,0.048,0.007
42073539,0,2.600,0.049,0.007
42084072,0,2.650,0.050,0.007
42084813,0,2.700,0.051,0.007
42090415,0,2.750,0.052,0.007
42154902,0,2.550,0.048,0.007
42209640,0,2.500,0.047,0.007
42232132,0,2.450,0.046,0.007
42269092,0,2.400,0.045,0.007
42269446,0,2.450,0.046,0.007
42316761,0,2.500,0.047,0.007
42324688,0,2.550,0.048,0.007
42352062,0,2.500,0.047,0.007
42396079,0,2.550,0.048,0.007
42403461,0,2.600,0.049,0.007
42418480,0,2.600,0.049,0.007
42437693,0,2.600,0.049,0.007
42456476,0,2.650,0.050,0.007
42470379,0,2.700,0.051,0.007
42478924,0,2.750,0.052,0.007
42505770,0,2.750,0.052,0.007
